{"BAIE MAHAULT": [16.2679458, -61.5870766], "BAILLIF": [16.0225079, -61.7454024], "BASSE TERRE": [16.0000778, -61.7333373], "LES ABYMES": [16.2706436, -61.5057749], "PETIT BOURG": [16.1913912, -61.5903488], "POINTE A PITRE": [16.2408636, -61.5334077], "SAINT FRANCOIS": [16.2532002, -61.2750706], "CAYENNE": [4.9371544, -52.3258736], "KOUROU": [5.1579834, -52.6424204], "MATOURY": [4.8496712, -52.3268695], "REMIRE MONTJOLY": [4.9050148, -52.2771642], "LIZY SUR OURCQ": [49.0273072, 3.0218144], "MAUREGARD": [49.0332971, 2.5809475], "VILLENOY": [48.9412182, 2.8596553], "BOIS D ARCY": [47.5475818, 3.7165618], "FOLLAINVILLE DENNEMONT": [49.0213601, 1.7151203], "BIEVRES": [49.4941667, 3.7119444], "CHAMARANDE": [48.5136159, 2.2174622], "SAINT AUBIN": [50.4573687, 1.6651851], "SAINT JEAN DE BEAUREGARD": [48.6633406, 2.1694739], "VERT LE GRAND": [48.5740125, 2.3593984], "PARIS": [48.8534951, 2.3483915], "BONNEUIL EN FRANCE": [48.9748734, 2.4332879], "MOULT CHICHEBOVILLE": [49.112119199999995, -0.1891657150797776], "SAINT MARTIN DES ENTREES": [49.2681582, -0.6728343], "MENNEVAL": [49.1033408, 0.6132492], "NORMANVILLE": [49.6948768, 0.5941406], "GACE": [48.79436, 0.2954592], "RIVES D ANDAINE": [48.5352175, -0.46728879827175207], "LES GRANDES VENTES": [49.7855019, 1.2294846], "PISSY POVILLE": [49.5294347, 0.9919251], "ROUXMESNIL BOUTEILLES": [49.9054443, 1.0941481], "SAINT SAENS": [49.6724119, 1.2830403], "LACROIX SAINT OUEN": [49.356047, 2.7895045], "MILLY SUR THERAIN": [49.5032677, 1.9957762], "ATHIES": [50.3020523, 2.8375271], "DUISANS": [50.3059788, 2.6881101], "FRESNES LES MONTAUBAN": [50.3329457, 2.9304367], "MARCONNELLE": [50.3738592, 2.0183811], "WIMILLE": [50.7641091, 1.6303277], "BETHENY": [49.2845383, 4.0535127], "CESSON SEVIGNE": [48.1197799, -1.6038829], "CARENTOIR": [47.81775695, -2.1362362244234725], "TOULOUSE": [43.6044622, 1.4442469], "CALUIRE ET CUIRE": [45.7969952, 4.8423304], "PUTEAUX": [48.8841522, 2.2368863], "SAINT LOUP SUR SEMOUSE": [47.8849389, 6.2731365], "SAULT LES RETHEL": [49.49497, 4.36469], "AY CHAMPAGNE": [49.055833500000006, 4.0150810116635745], "CONFLANS EN JARNISY": [49.1664802, 5.8564321], "LA MAXE": [49.1693945, 6.1896756], "OGY MONTOY FLANVILLE": [49.11616065, 6.296214757128745], "REDING": [48.7448986, 7.0977176], "DUPPIGHEIM": [48.5281292, 7.5894588], "NIEDERHAUSBERGEN": [48.6231002, 7.7008489], "ROPPENHEIM": [48.8440817, 8.0545977], "AMMERSCHWIHR": [48.1261389, 7.2825373], "PERRIGNY LES DIJON": [47.2660906, 5.0089521], "GENEUILLE": [47.3232842, 5.971252], "DRACY LE FORT": [46.7988877, 4.763594], "FARGES LES CHALON": [46.8341, 4.80583], "SAINT BRIEUC": [48.5141134, -2.7603283], "EVAUX LES BAINS": [46.176149, 2.4870429], "TERRASSON LAVILLEDIEU": [45.1292139, 1.3018796], "LORMONT": [44.8791708, -0.5216683], "NANTIAT": [46.0096593, 1.1750992], "SAINT SULPICE LES FEUILLES": [46.3181739, 1.3674373], "ANDELAT": [45.0600807, 3.0621933], "CREMIEU": [45.7241948, 5.2474523], "SUSVILLE": [44.9180779, 5.7814435], "LA BOURBOULE": [45.5892481, 2.7401614], "MONTAGNY": [45.4562, 6.59111], "DULLIN": [45.5531763, 5.743894], "NOVALAISE": [45.5951342, 5.7704482], "TOURS EN SAVOIE": [45.6483, 6.44049], "BONNE": [46.167254, 6.3216563], "DOMANCY": [45.9126189, 6.6490124], "SAINT CERGUES": [46.2357361, 6.3213839], "LA SAULCE": [44.4254815, 6.0074686], "VEYNES": [44.5349009, 5.8244718], "MARSEILLE 03": [43.3113852, 5.3789412], "BARNEVILLE CARTERET": [49.3815306, -1.7528273], "FERMANVILLE": [49.686996, -1.441599], "QUETTREVILLE SUR SIENNE": [48.9651647, -1.4778276709921987], "TOLLEVAST": [49.5737038, -1.6256545], "TREAUVILLE": [49.5314276, -1.812071], "YQUELON": [48.8469864, -1.5574109], "PLESTAN": [48.42374, -2.4479], "CLEDER": [48.6612675, -4.1039679], "LANRIVOARE": [48.474324, -4.638987], "PLUGUFFAN": [47.9805233, -4.1785594], "SAINT EVARZEC": [47.9367647, -4.0217135], "PARIS 08": [48.8534951, 2.3483915], "LE SUBDRAY": [47.0097064, 2.2948268], "SANCERRE": [47.3306906, 2.8390454], "YZEURES SUR CREUSE": [46.7852983, 0.8699479], "LEGE": [42.8767279, 0.6100228], "MOUZEIL": [47.4484305, -1.3485691], "GORRON": [48.4123473, -0.8129799], "ECOMMOY": [47.8286006, 0.2733338], "SAINTE JAMME SUR SARTHE": [48.140451, 0.1700029], "TRANGE": [48.0272503, 0.1115402], "COMMEQUIERS": [46.7612887, -1.8397386], "FALLERON": [46.88145, -1.7025043], "GRAND LANDES": [46.8216667, -1.6488889], "L ILE D YEU": [46.71018105, -2.34917690050466], "LA GENETOUZE": [45.2201951, -0.0270315], "SAINT PROUANT": [46.7591667, -0.9558333], "MARSILLY": [49.1000965, 6.2973783], "SAINTE SOULLE": [46.188253, -1.0157986], "FRESSINES": [46.3221639, -0.2954875], "SAUZE VAUSSAIS": [46.12234225, 0.10545236330471891], "BONNEUIL MATOURS": [46.6815502, 0.5695724], "LE LARDIN SAINT LAZARE": [45.1287746, 1.2273602], "CABANAC ET VILLAGRAINS": [44.6065561, -0.5533846], "LES ARTIGUES DE LUSSAC": [44.9706388, -0.1398679], "PUGNAC": [45.0816918, -0.4956194], "SAINT BRICE": [48.6981206, -1.3080672], "MOLIETS ET MAA": [43.8489264, -1.3566675], "PISSOS": [44.3080279, -0.7777106], "SAINT VITE": [44.4733753, 0.9400621], "LAHONCE": [43.4831925, -1.3902495], "PARDIES": [43.367242, -0.5887876], "VERNIOLLE": [43.0794025, 1.6514261], "AUZIELLE": [43.5415799, 1.5664791], "MONTBRUN LAURAGAIS": [43.4568086, 1.522606], "MONTGISCARD": [43.4580362, 1.5744528], "CAPDENAC": [44.5808234, 2.0696065], "BARBAZAN DEBAT": [43.1964736, 0.1176276], "SOUAL": [43.5545042, 2.1148775], "MIRABEL ET BLACONS": [44.7096, 5.09138], "CHATEAUNEUF DE GADAGNE": [43.927603, 4.9442687], "LE THOR": [43.928823, 4.9945784], "MORNAS": [44.2011293, 4.728396], "PACE": [48.4454551, -0.0039061], "AIMARGUES": [43.6848937, 4.2095434], "LAUDUN L ARDOISE": [44.10482705, 4.655752285759262], "MEJANNES LE CLAP": [44.2249847, 4.3489751], "MILHAUD": [43.7896802, 4.3084497], "ERR": [42.4406621, 2.0328526], "LAROQUE DES ALBERES": [42.52284, 2.9347932], "LOS MASOS": [42.6235726, 2.45913], "POLLESTRES": [42.6420519, 2.8709063], "SOREDE": [42.5304019, 2.9564544], "ROQUEVAIRE": [43.3492766, 5.6046147], "SAINTES MARIES DE LA MER": [43.4515922, 4.4277202], "COGOLIN": [43.25, 6.53659], "LA CRAU": [43.1497034, 6.0737053], "LE LAVANDOU": [43.1383795, 6.3701286], "RAYOL CANADEL SUR MER": [43.1591343, 6.4705918], "ROCBARON": [43.3040144, 6.0910097], "SAINT TROPEZ": [43.2727191, 6.6405225], "VIDAUBAN": [43.4273183, 6.4314327], "VINON SUR VERDON": [43.7245683, 5.8127618], "AFA": [41.9838088, 8.7966629], "PORTO VECCHIO": [41.5911382, 9.2794469], "CALVI": [42.5677079, 8.7590528], "L ILE ROUSSE": [42.6344797, 8.9381367], "DUCOS": [14.5743247, -60.9719008], "LE LAMENTIN": [14.614557, -61.0018145], "LE MARIN": [14.52518405, -60.96241513972797], "SCHOELCHER": [14.6169451, -61.1004559], "MAMOUDZOU": [-12.7804136, 45.2279761], "PAMANDZI": [-12.7983446, 45.2746515], "BRAS PANON": [-20.9987435, 55.6847941], "LA POSSESSION": [-20.9269658, 55.3362758], "LE PORT": [42.8662832, 1.3740316], "LES AVIRONS": [-21.2423582, 55.3357911], "SAINT ANDRE": [43.273316, 0.8514079], "SAINT BENOIT": [45.690211000000005, 5.594554917419655], "SAINT LEU": [-21.1677694, 55.2881932], "GOURBEYRE": [15.9950443, -61.6919417], "LE GOSIER": [16.2072112, -61.4931309], "DAMMARTIN EN GOELE": [49.0547758, 2.6835682], "SOUPPES SUR LOING": [48.1868057, 2.7426674], "ECOUEN": [49.0196554, 2.3799378], "MONTSOULT": [49.0704484, 2.312001], "BREZOLLES": [48.6915319, 1.0760461], "PERIERS EN AUGE": [49.2572222, -0.0783333], "TREVIERES": [49.3084948, -0.9047281], "PONT DE L ARCHE": [49.3049098, 1.1562938], "BRIOUZE": [48.6996275, -0.3670932], "MOULINS LA MARCHE": [48.6490262, 0.477002], "REMALARD EN PERCHE": [48.4278927, 0.7740583], "SAINT ERME OUTRE ET RAMECOURT": [49.5151, 3.83985], "LA CHAPELLE EN SERVAL": [49.122, 2.52775], "LE WAST": [50.7502914, 1.8021177], "CAGNY": [49.8622887, 2.3414499], "SAINT QUENTIN LA MOTTE CROIX BAILLY": [50.0735315, 1.4525575], "LYON 03": [45.7578137, 4.8320114], "SAINT PERE SUR LOIRE": [47.7748215, 2.3718156], "JUSSEY": [47.8251954, 5.9029154], "BLENEAU": [47.7005149, 2.948338],